,,,,,,,,,,,,,,,,,,,,,,,,,,,,,,,,,,,,,,,,,,,,,,,,,,,,,,,,,,,,,,,,,,,,,,,,,,,,,,,,,,,,,,,,,,,,,,,,,,,,,,,,,,,,,,,,,,,,,,,,,,,,,,,,,,,,,,,,,,,,,,,,,,,,,,,,,,,,,,,,,,,,,,,,,,,,,,,,,,,,,,,,,,,,,,,,,,,,,,,,,,,
Theme: Economy & Prices,,,,,,,,,,,,,,,,,,,,,,,,,,,,,,,,,,,,,,,,,,,,,,,,,,,,,,,,,,,,,,,,,,,,,,,,,,,,,,,,,,,,,,,,,,,,,,,,,,,,,,,,,,,,,,,,,,,,,,,,,,,,,,,,,,,,,,,,,,,,,,,,,,,,,,,,,,,,,,,,,,,,,,,,,,,,,,,,,,,,,,,,,,,,,,,,,,,,,,,,,,,
Subject: National Accounts,,,,,,,,,,,,,,,,,,,,,,,,,,,,,,,,,,,,,,,,,,,,,,,,,,,,,,,,,,,,,,,,,,,,,,,,,,,,,,,,,,,,,,,,,,,,,,,,,,,,,,,,,,,,,,,,,,,,,,,,,,,,,,,,,,,,,,,,,,,,,,,,,,,,,,,,,,,,,,,,,,,,,,,,,,,,,,,,,,,,,,,,,,,,,,,,,,,,,,,,,,,
Topic: Gross Domestic Product (GDP),,,,,,,,,,,,,,,,,,,,,,,,,,,,,,,,,,,,,,,,,,,,,,,,,,,,,,,,,,,,,,,,,,,,,,,,,,,,,,,,,,,,,,,,,,,,,,,,,,,,,,,,,,,,,,,,,,,,,,,,,,,,,,,,,,,,,,,,,,,,,,,,,,,,,,,,,,,,,,,,,,,,,,,,,,,,,,,,,,,,,,,,,,,,,,,,,,,,,,,,,,,
"Table Title: Gross Domestic Product In Chained (2015) Dollars, By Industry (SSIC 2020), Quarterly, Seasonally Adjusted",,,,,,,,,,,,,,,,,,,,,,,,,,,,,,,,,,,,,,,,,,,,,,,,,,,,,,,,,,,,,,,,,,,,,,,,,,,,,,,,,,,,,,,,,,,,,,,,,,,,,,,,,,,,,,,,,,,,,,,,,,,,,,,,,,,,,,,,,,,,,,,,,,,,,,,,,,,,,,,,,,,,,,,,,,,,,,,,,,,,,,,,,,,,,,,,,,,,,,,,,,,
,,,,,,,,,,,,,,,,,,,,,,,,,,,,,,,,,,,,,,,,,,,,,,,,,,,,,,,,,,,,,,,,,,,,,,,,,,,,,,,,,,,,,,,,,,,,,,,,,,,,,,,,,,,,,,,,,,,,,,,,,,,,,,,,,,,,,,,,,,,,,,,,,,,,,,,,,,,,,,,,,,,,,,,,,,,,,,,,,,,,,,,,,,,,,,,,,,,,,,,,,,,
Data last updated: 21/11/2025,,,,,,,,,,,,,,,,,,,,,,,,,,,,,,,,,,,,,,,,,,,,,,,,,,,,,,,,,,,,,,,,,,,,,,,,,,,,,,,,,,,,,,,,,,,,,,,,,,,,,,,,,,,,,,,,,,,,,,,,,,,,,,,,,,,,,,,,,,,,,,,,,,,,,,,,,,,,,,,,,,,,,,,,,,,,,,,,,,,,,,,,,,,,,,,,,,,,,,,,,,,
Source: SINGAPORE DEPARTMENT OF STATISTICS,,,,,,,,,,,,,,,,,,,,,,,,,,,,,,,,,,,,,,,,,,,,,,,,,,,,,,,,,,,,,,,,,,,,,,,,,,,,,,,,,,,,,,,,,,,,,,,,,,,,,,,,,,,,,,,,,,,,,,,,,,,,,,,,,,,,,,,,,,,,,,,,,,,,,,,,,,,,,,,,,,,,,,,,,,,,,,,,,,,,,,,,,,,,,,,,,,,,,,,,,,,
,,,,,,,,,,,,,,,,,,,,,,,,,,,,,,,,,,,,,,,,,,,,,,,,,,,,,,,,,,,,,,,,,,,,,,,,,,,,,,,,,,,,,,,,,,,,,,,,,,,,,,,,,,,,,,,,,,,,,,,,,,,,,,,,,,,,,,,,,,,,,,,,,,,,,,,,,,,,,,,,,,,,,,,,,,,,,,,,,,,,,,,,,,,,,,,,,,,,,,,,,,,
,,,,,,,,,,,,,,,,,,,,,,,,,,,,,,,,,,,,,,,,,,,,,,,,,,,,,,,,,,,,,,,,,,,,,,,,,,,,,,,,,,,,,,,,,,,,,,,,,,,,,,,,,,,,,,,,,,,,,,,,,,,,,,,,,,,,,,,,,,,,,,,,,,,,,,,,,,,,,,,,,,,,,,,,,,,,,,,,,,,,,,,,,,,,,,,,,,,,,,,,,,,Million Dollars
Data Series,2025 3Q ,2025 2Q ,2025 1Q ,2024 4Q ,2024 3Q ,2024 2Q ,2024 1Q ,2023 4Q ,2023 3Q ,2023 2Q ,2023 1Q ,2022 4Q ,2022 3Q ,2022 2Q ,2022 1Q ,2021 4Q ,2021 3Q ,2021 2Q ,2021 1Q ,2020 4Q ,2020 3Q ,2020 2Q ,2020 1Q ,2019 4Q ,2019 3Q ,2019 2Q ,2019 1Q ,2018 4Q ,2018 3Q ,2018 2Q ,2018 1Q ,2017 4Q ,2017 3Q ,2017 2Q ,2017 1Q ,2016 4Q ,2016 3Q ,2016 2Q ,2016 1Q ,2015 4Q ,2015 3Q ,2015 2Q ,2015 1Q ,2014 4Q ,2014 3Q ,2014 2Q ,2014 1Q ,2013 4Q ,2013 3Q ,2013 2Q ,2013 1Q ,2012 4Q ,2012 3Q ,2012 2Q ,2012 1Q ,2011 4Q ,2011 3Q ,2011 2Q ,2011 1Q ,2010 4Q ,2010 3Q ,2010 2Q ,2010 1Q ,2009 4Q ,2009 3Q ,2009 2Q ,2009 1Q ,2008 4Q ,2008 3Q ,2008 2Q ,2008 1Q ,2007 4Q ,2007 3Q ,2007 2Q ,2007 1Q ,2006 4Q ,2006 3Q ,2006 2Q ,2006 1Q ,2005 4Q ,2005 3Q ,2005 2Q ,2005 1Q ,2004 4Q ,2004 3Q ,2004 2Q ,2004 1Q ,2003 4Q ,2003 3Q ,2003 2Q ,2003 1Q ,2002 4Q ,2002 3Q ,2002 2Q ,2002 1Q ,2001 4Q ,2001 3Q ,2001 2Q ,2001 1Q ,2000 4Q ,2000 3Q ,2000 2Q ,2000 1Q ,1999 4Q ,1999 3Q ,1999 2Q ,1999 1Q ,1998 4Q ,1998 3Q ,1998 2Q ,1998 1Q ,1997 4Q ,1997 3Q ,1997 2Q ,1997 1Q ,1996 4Q ,1996 3Q ,1996 2Q ,1996 1Q ,1995 4Q ,1995 3Q ,1995 2Q ,1995 1Q ,1994 4Q ,1994 3Q ,1994 2Q ,1994 1Q ,1993 4Q ,1993 3Q ,1993 2Q ,1993 1Q ,1992 4Q ,1992 3Q ,1992 2Q ,1992 1Q ,1991 4Q ,1991 3Q ,1991 2Q ,1991 1Q ,1990 4Q ,1990 3Q ,1990 2Q ,1990 1Q ,1989 4Q ,1989 3Q ,1989 2Q ,1989 1Q ,1988 4Q ,1988 3Q ,1988 2Q ,1988 1Q ,1987 4Q ,1987 3Q ,1987 2Q ,1987 1Q ,1986 4Q ,1986 3Q ,1986 2Q ,1986 1Q ,1985 4Q ,1985 3Q ,1985 2Q ,1985 1Q ,1984 4Q ,1984 3Q ,1984 2Q ,1984 1Q ,1983 4Q ,1983 3Q ,1983 2Q ,1983 1Q ,1982 4Q ,1982 3Q ,1982 2Q ,1982 1Q ,1981 4Q ,1981 3Q ,1981 2Q ,1981 1Q ,1980 4Q ,1980 3Q ,1980 2Q ,1980 1Q ,1979 4Q ,1979 3Q ,1979 2Q ,1979 1Q ,1978 4Q ,1978 3Q ,1978 2Q ,1978 1Q ,1977 4Q ,1977 3Q ,1977 2Q ,1977 1Q ,1976 4Q ,1976 3Q ,1976 2Q ,1976 1Q ,1975 4Q ,1975 3Q ,1975 2Q ,1975 1Q 
GDP In Chained (2015) Dollars,148631.5,145185.5,142732.6,143438.2,142712.9,138573.1,137047,136656.2,135054.7,133837.7,132627.6,132695,132618.2,131986.6,131373.9,129255.1,126876,125634.8,125939.9,120067.2,115774.4,106089.1,120717,120790.1,120472.7,120339.4,119447.3,118826.1,119609.8,118630.5,117813.7,117044,115927.9,113216.4,112763.1,112082.4,110169.9,109122.9,107867.1,106774,106800.4,105513.1,104217.8,104651.9,103090.1,102163.9,101105,100377.5,99451.8,98769,96800.8,95917.1,93476.2,94390.1,93556.5,91870.2,91292.4,88981.2,89201,87552.2,84282.5,86693.4,81783.9,77291,76172.4,73327.8,70353.2,72247.5,73949.1,74425.3,76342.4,74448.5,74131,72209.6,70566.9,69557.6,66961.6,65714.2,64987.4,63863.9,61871.1,60391.4,58907.9,58475.2,57157,56744,55875.5,54270.4,52758.6,49921.5,50602,49966.3,50040.6,50000,48589.8,47181.2,46878.8,47929.5,49193.9,49548.7,49242.2,47666.1,46764,45276.7,44901.5,44059.2,42973.1,42225.7,41485.7,41830.6,42144.3,43258.7,43615.3,42937.1,41566.8,40335,39277,39287.4,39337.5,38043.3,37676.2,36239.2,35181.3,35324.4,34809.2,33772.9,33391.2,32391.3,31160.6,30626.7,29362.8,28725.1,27973.8,27242.4,26919.1,26456.1,26244.2,25819.2,25457.6,24863.6,24472.5,24200.6,23950,23001.2,22488.5,22231.9,21030.4,21002.3,20467.2,19936,19161.1,18947.9,18413.2,17794.4,17245.9,16833.6,16413,16156.2,15949.6,15797.1,15967.7,16148.5,16603.2,16413.1,16354.8,16163.5,15973.6,15484.2,15031.8,14726.5,14418.3,14052,13848,13643.7,13429.9,13259.3,13001.6,12723.6,12337.7,11983,11686.6,11432.5,11205.9,11026.3,10575.1,10384.7,10053.3,10028.3,9762.4,9396.3,9177,9103.7,8953.8,8863.5,8683.5,8496.3,8408.2,8247.1,8169.7,7948.1,7836.6,7681.5,7546
  Goods Producing Industries,38992.3,36013.6,35763.8,37351.4,37340.8,34260.1,34187.3,35178.7,34031.8,33930.5,34267.4,34627.7,35166.5,35918.5,35498.4,35025.7,34114.6,33569.7,33190.9,30118.5,30083.4,26811.6,30735.8,29055,29678.3,29839.7,29412.3,30063.7,29920.5,29846.1,29424.1,28936.3,29052.1,27510.9,27386.3,27624.8,25735.9,26366.6,25987.7,25674.8,25655.9,25885.6,25754.2,26449,26477,26230.1,26429.8,26348,25770.9,25529.7,24001.5,24960.1,24571.6,25335.8,25022.1,24798.1,24250.3,24142.7,24612.8,22961.7,22248.3,25102.2,21415.6,19242.8,19673.6,18467.1,16531.3,17879.2,17986.3,17977.1,19835.4,18685.4,19208.2,18365.5,17869.8,18257.4,17234.9,16930.6,16699.4,16695.7,15734.1,15175.5,14377.5,14755.2,14177.5,14395.5,13983.9,13317.2,13090.2,12358.8,12856.2,12393.6,12822.7,13220.7,12435.3,11716.9,11655.4,12196,13046.1,14010,13701.4,12967.4,12606.1,12120.4,12188.6,11849.1,11856.2,11226.6,11068.4,11310.1,11316.5,11659,11495.6,11098,10496.9,10615.4,10270.7,10512.9,10724.6,10361.1,10237.9,9670.4,9251.8,9305.9,9204.1,8937.6,8686.1,8203.7,8003.5,7849.1,7557.5,7541,7238.1,7083.7,7077.9,7015.5,6925.2,6794.2,6861.3,6642.4,6481.7,6359.2,6248.7,6135.1,5978.7,5840.9,5656.6,5610.6,5569.2,5444,5237.9,5142.6,4934.5,4743.8,4584.9,4517.6,4453.2,4455.3,4295,4215.6,4435.6,4513.9,4922.7,4976.2,5048.9,5029,4997.5,4840.8,4630,4455.9,4358.5,4136,4170.1,4134,4146.3,4075.7,3996.8,3941.9,3776.4,3693.3,3600.4,3550.9,3471.8,3426.4,3262.3,3225.6,3147.9,3108,2971.3,2851.9,2771.7,2788.1,2758.7,2756.7,2695.1,2613.2,2626.7,2566.3,2555.3,2474.2,2402.7,2235.7,2207.7
    Manufacturing,31906.3,28667.5,28850.6,30406.9,30403.8,27228.1,27466.4,28384.3,27337.1,27321.3,27687.8,28130.4,28595,29711.3,29159.7,29176.6,28218.1,27715.2,27530.9,25338.6,25887.8,23472.4,24735.2,22843.9,23204.3,23555.9,22914.7,23788.2,23469,23638.1,23028.6,22632.1,22744.2,21341.5,21007.8,21270.5,19156.9,19618.9,19419.5,18927,18921,19278.7,19479.9,20135.2,20160.5,20089.1,20362.6,20332.1,19884.9,19799.6,18566.5,18992,18857.3,19668.2,19876.9,19016.5,19030.5,18978.9,20158.8,17372.6,17338.1,19842.1,17036.4,13741.9,15153.3,13765.1,12481.2,13312.7,14048.4,13915.3,16488.3,14757.8,15806.5,14782.1,14715.9,14859.2,14189.2,13763.8,13812,13683.2,12937,12265.8,11606,12003.6,11414.4,11542,11213.1,10551.8,10286.9,9580.5,10138.9,9625.7,9981.1,10313.7,9482.9,8789.5,8600.5,9079.2,9930.8,10828.7,10610.9,9980,9694.5,9110.6,9194.6,8790,8625.6,8011.1,7797.1,7919.8,7895.6,8250.3,8145.2,7941.8,7473.9,7600.3,7425.3,7617.4,7920.1,7705.4,7740.1,7235,6978.4,6916.5,6882.2,6712.3,6451.3,6165.4,6047.4,5952.6,5762.3,5691.4,5472.8,5325.9,5337.1,5312.3,5322.5,5319.9,5400.3,5203.1,5134,4996.6,4899.4,4799,4675.2,4598.1,4396.9,4352.8,4281.3,4182.9,4000,3875.1,3611.5,3427.7,3283.9,3222.4,3112.9,2960.9,2792.7,2660.1,2757,2819.3,2944.6,2974.9,3015.8,3037.8,3026.8,2919.9,2831.1,2720.3,2743.6,2589.1,2693.4,2780.3,2868,2838.8,2860.1,2870.1,2744.4,2674.7,2605.4,2563.6,2505,2482.7,2353.9,2309.5,2255.2,2211.5,2123.4,2001.9,1913.2,1905.9,1856.9,1858.2,1797.1,1739.1,1721.3,1654,1671.7,1608.3,1585.1,1432.9,1439.1
    Construction,5252.2,5289.9,4965,5093.2,5078.3,4981.8,4740,4874.3,4833.3,4717.8,4611.1,4638.1,4653,4410.5,4284.2,4086.4,4058,4039.2,3707.2,3155.5,2169.4,1576.5,4234.6,4780.6,4830.5,4889.3,4888.3,4812.9,4856.9,4765.9,4826.6,4824.6,4751.5,4735.8,4827.5,4837.9,5081.1,5253.7,5052.8,5215.4,5207,5157.6,4866.6,4870.7,4839.6,4750.1,4829.6,4546.4,4453.5,4376.9,4355.8,4364,4354.9,4332.7,4252.2,4097.6,3976.9,3803,3736,3791.6,3797.5,3866.4,3650.5,3798,3545.3,3459.3,3287.7,3146.5,3052.9,2822.4,2491,2472.2,2324.4,2216.8,2186.3,2000.9,1943.6,1832.4,1848.7,1806.8,1731,1741,1799.1,1716.2,1726,1766.1,1821,1854.6,1881.3,1859.1,1804.3,1912,1966.6,2040.8,2179.6,2187.5,2341.4,2405.9,2402.1,2432.1,2362.3,2282.9,2226.4,2297,2315.9,2398,2572.3,2549.9,2658.3,2769.4,2764.7,2752.4,2757.3,2560.4,2431.7,2406.5,2297.4,2335.6,2263.3,2084.1,1986.4,1900.6,1755.9,1842.9,1830.7,1725.6,1744.4,1537.9,1501.2,1441.4,1362.1,1393.1,1340.3,1329.1,1303.3,1265.7,1169.5,1053,1058.5,1018,934.8,955.8,950.6,933.7,905.5,865.1,884,869.3,902.2,903.9,875.1,885.7,951.8,974,941.8,940.1,986.1,1171.2,1160.6,1233.6,1344,1366.1,1625.6,1663.5,1703.4,1677.3,1658.7,1600.8,1482.9,1425.7,1306.2,1240.1,1179.1,1061.1,988.6,936.9,828.3,758.7,723.4,706.5,689.1,686,675.6,638.9,617.2,624.9,604.9,601.2,571.2,574.9,584.1,608.4,651.4,630.8,643.2,613.7,671.7,663.7,645,629.7,598.9,569.2,541.9
    Utilities,1619.9,1601.3,1591.4,1608.7,1602.3,1596,1568,1557.8,1562,1547.7,1535.7,1548,1519,1518.5,1528.8,1513.6,1500.4,1490.2,1485.8,1475.1,1429.9,1376.6,1504.6,1488.7,1488.6,1476.5,1486.4,1467.4,1472.6,1474.4,1456,1480,1485.4,1456.2,1482.2,1488.1,1469.2,1482,1477.8,1473.8,1458.5,1447.2,1437.5,1434.1,1436.5,1421.4,1409.7,1408.2,1410.9,1390.5,1376.9,1375,1374.3,1366.7,1364.3,1330.7,1353.5,1356.8,1322.1,1343.8,1311.5,1310.2,1292.7,1272.5,1233.1,1209.6,1148.3,1203.2,1217.1,1185.9,1192.5,1197,1174.6,1159.5,1174.8,1145.1,1147.2,1125.1,1106,1084.9,1041.2,1054,1050.5,1029.9,1070.7,1058.8,996.5,1015.7,996.5,1003,1002.8,981.4,975.5,944.8,933.8,916.2,906.6,903,884.9,874.1,859.8,831.5,812.3,805.9,785.8,777.4,769.1,758.1,739.1,756.3,760.9,742.9,728.8,700.5,680.7,673.7,659.1,645.5,618.6,607,596.2,590.6,583.3,573.9,566.8,548.7,541.1,526.4,514.2,501.5,478.4,481.8,469.5,471.3,471.9,464.6,464.1,448.3,441.2,436.4,426.6,426.6,418.2,405,395.7,390.7,387.1,382.7,379.5,370.4,365.9,365.9,350.3,338.3,331.1,331.5,322.9,314.1,304,297.2,295.9,301.4,304.2,294,289.9,286.6,280.9,275.1,274.9,271.7,256.5,256.9,251.4,246.1,241.5,243.6,240.4,236.5,231.8,226.8,223.7,222,220.1,213.4,209.1,207.8,206.8,204.5,196.6,189,187.9,177.7,174.8,173.4,163.4,163.1,159.4,155.7,152.2,150.9,148,143.2,142
    Other Goods Industries,39,39.4,40.7,40.1,39.7,41.6,41.4,40.4,40,38.5,38.8,38.4,37.9,38.4,38.7,42,41.2,42.2,40.6,40.9,37.6,31.5,38.9,38.8,40.6,37.7,38.5,37.3,37,36.4,34.9,34.4,37.6,34.8,34.4,34.5,31.8,35.7,35.4,33.9,34.8,34.5,34.7,33.8,35.5,34.6,34.5,33.5,34.2,33.2,33.2,32.2,33,33.4,31,32.2,29.9,30.6,31.4,29.3,30.5,31,28.5,31.3,27.9,27.2,29.5,25.9,27.5,29,29.4,29.3,28.6,30.1,30.7,32.1,28,29.4,29.3,29.7,29.5,28.3,29.3,26.7,29.9,26.4,26.3,27.3,27.2,27,27.9,28.1,28.7,30.6,31.8,33.5,34.9,37.6,38.1,39.5,42.1,40.8,42.7,45,44.8,44.5,41,43.5,43.4,43.6,46.8,47.3,47.2,52,50,49.8,50.1,50.6,50.8,49.7,49.1,48.1,48,50.9,51.3,51.5,51.5,48.9,50.5,49.9,49.6,49.9,50.4,52.4,55.3,52.8,55.3,55.8,54,58,56.3,59.2,64.2,65,65,61.9,66.8,67.1,67.2,69.2,68,74.2,78.6,83.5,83.4,85.3,87.2,87.5,88.9,89.6,97.8,102.2,110.7,113.9,111.8,112.9,105.8,107,106.6,108.1,109.9,103,103.6,99.1,100.2,101.2,99.5,99.3,102.2,100.6,98.7,97.3,94,98.9,96.6,96.9,93.3,95.2,95,94.2,94,95.6,97.4,99.5,100.3,95.2,98.5,97.4,97.6,93.4,88.9,86.3,84.8
  Services Producing Industries,95638.7,95226.5,93432.1,92877.4,92052.4,90951.8,90034.7,88716.5,88233.2,87402.2,86163.2,85940.5,85298.6,84094.7,84025.9,81919.2,80633.7,80017.5,80270.3,77321.2,73739.4,69713.8,77549.3,78813.4,78224.4,77916,77212.1,76729,77203.4,76330.2,75996.9,75465.5,74614.4,73868.4,73175.2,72837.1,72435.5,71152.5,70579.3,70066.4,70395.6,69242.8,68280.9,68344.7,66880.2,66347.3,65165.5,64661.1,64224.5,63676.8,63135.6,61219.6,59560.7,59763.2,58779.5,57878.3,58010.4,55803.5,55333,55373.1,53341.5,52531.7,51210.6,49367,48012.6,46535.3,45689.3,46234.5,47810.3,48137.9,47848.7,46975.7,45887,44886.5,43826.2,42845.3,41632.4,40829.1,40238.1,39180.5,38556.1,37916.2,37275.2,36453.4,35906.1,35355.8,34709.2,34245,33085.8,31145.9,31198.5,31220.4,30847.9,30229.3,29807.7,29363.4,29183.1,29641.6,29613.3,28954.3,28899.7,28221.2,27753.5,27005.1,26629.4,26377.9,25358.8,25563.8,24950.8,25076,25148.3,26060.5,26544.3,26220.5,25708,24635.1,23796.8,23496.3,23338.4,22613.5,22368.7,21661.7,20965.3,21193.6,20777.5,20203,20185.5,19727.7,18818.1,18476.2,17724.6,17194.9,16750.5,16242.9,15986.6,15652.6,15478.9,15286.6,15014.6,14625.2,14397.6,14207.6,14080.8,13208.7,13167.2,13035.3,12163.6,12144.1,11815.4,11444.5,11054.9,10890.7,10646.7,10335.1,10042.2,9758.6,9428.9,9225.2,9217.2,9195,9121.1,9242.1,9171.4,9000.5,8857.7,8711.3,8598.5,8393.7,8239.7,8136.4,7964.2,7947.6,7751,7601.4,7419.6,7285.9,7147.6,6977.5,6818.7,6607.2,6443.6,6283.2,6148.6,6015.9,5813.1,5698.8,5504,5517.2,5420.4,5220.5,5100.8,5020.6,4920.6,4847.1,4764.6,4666.8,4599.7,4513.6,4461.6,4329.3,4308.1,4336,4235.5
    Wholesale & Retail Trade,21753.6,22054.6,21170.8,21149.9,20977.4,20713.2,20338.4,19897.3,19914.1,19856.9,19752.7,19761.3,19700.9,19303.8,19911,19054.4,18842.7,18864,19057.6,17991.2,16995.6,16940.5,17029,17419.9,17606,17760.6,17751.8,17563,17638.4,17414.2,17218.1,17375.1,16782.1,16685.7,16983.7,17296,16863.4,16203.3,15886.9,16155.3,16577.8,16549.1,16260.8,16079.4,15773.8,15750,15513.3,15371.7,15170.9,15050.5,15276.4,14619.1,14286.5,14559.4,13869.3,13701.8,13700,13243.9,13009.2,13022.4,12598.4,12319,11967.6,11249.9,10820.8,10506.8,10281.1,10546.2,11180,11438.6,11477.7,10954.5,10826.8,10710.4,10647,10464.8,10172.8,9899.6,9717.2,9393,9144,8958.5,8715.1,8628.6,8247.3,8138.9,7886.7,7544.7,7092.7,6773.5,6597.1,6510.2,6401.6,6096.1,5854.2,5781.4,5690.3,5852.1,6031.9,6051.8,6089.5,5814.5,5549.7,5212.1,4966.4,4921.5,4608.1,4561.6,4489.2,4599.2,4706.1,4728.8,5167.2,5107,4987,4804.1,4641,4567.3,4626.7,4603,4565.6,4421.6,4269.7,4213.4,4017.4,3908.3,3779,3616.7,3482.9,3403.1,3374.4,2931.8,2845.5,2793,2759.9,2840,2917.6,2857.8,2829.3,2693.8,2540.3,2573.8,2573.4,2409.8,2455.2,2350.3,2100.7,2275.7,2224.7,2128.5,1965.7,1915.7,1883.7,1825.8,1644.9,1687,1649.9,1642.5,1601.1,1591.6,1610.5,1673.8,1763.7,1780.1,1730.9,1665.6,1704.8,1667,1648.5,1616.7,1603.6,1577.7,1563.3,1548.2,1545.6,1507.2,1487.5,1478.3,1462.1,1464.2,1445.8,1428.5,1390.2,1398.3,1393.5,1353.2,1339.4,1327.4,1330.2,1276.6,1279.9,1260.7,1231.6,1223.3,1193.1,1157.5,1149.3,1123.3,1100,1096.8,1110.1,1158.1,1117.8
      Wholesale Trade,19764.7,20046.8,19122.5,19204.7,19028.1,18775.1,18345.1,17986.5,17978,17940.1,17813,17876.9,17786.7,17445.5,18009.6,17265.1,17050.6,17175.1,17255.4,16317,15281.4,15700.8,15333.6,15648.4,15713.4,15853.3,15855.9,15680.5,15702.8,15465.6,15333.5,15474.1,14892.7,14801.7,15094.7,15431.4,14977.6,14327,14010.7,14321.6,14746.9,14736.7,14465.6,14305.1,14033.6,14052.6,13816.9,13698.3,13501.1,13365,13623.5,12968.2,12646.1,12925.3,12244.6,12086.5,12103.7,11667.8,11477,11466.3,11068.9,10837,10465.6,9769,9357.8,9061.7,8841.9,9066.6,9616.2,9863.3,9905.1,9393.9,9294,9128.5,9099.2,8937.5,8700,8429.4,8280,7958,7749.2,7573.2,7340.7,na,na,na,na,na,na,na,na,na,na,na,na,na,na,na,na,na,na,na,na,na,na,na,na,na,na,na,na,na,na,na,na,na,na,na,na,na,na,na,na,na,na,na,na,na,na,na,na,na,na,na,na,na,na,na,na,na,na,na,na,na,na,na,na,na,na,na,na,na,na,na,na,na,na,na,na,na,na,na,na,na,na,na,na,na,na,na,na,na,na,na,na,na,na,na,na,na,na,na,na,na,na,na,na,na,na,na,na,na,na,na,na,na,na,na,na,na,na,na,na
      Retail Trade,1912.2,1852.8,1883.2,1844.4,1866.7,1842.6,1878,1858.7,1882.8,1883.1,1835.4,1834.4,1812.7,1822.1,1783.9,1731.5,1665.3,1568.1,1690,1644.6,1619.4,1006.6,1650.4,1767.9,1842.6,1856.5,1893.2,1887.9,1903.2,1932.6,1891,1898.3,1881.3,1882.9,1888.6,1866.1,1888.2,1880.7,1865.3,1833.8,1832,1812.5,1796.9,1769.9,1737.4,1690.2,1708.7,1664.4,1662.3,1697.4,1658.1,1657.1,1649.2,1639.4,1654.5,1647,1612.7,1611.3,1561.2,1594.4,1571.2,1511.5,1569.1,1559,1569.6,1555.1,1542.2,1581.2,1675.4,1692.9,1690.7,1678.3,1650.5,1758.4,1693.9,1657.7,1612.2,1624.7,1577.1,1574.8,1561.2,1534,1513.1,na,na,na,na,na,na,na,na,na,na,na,na,na,na,na,na,na,na,na,na,na,na,na,na,na,na,na,na,na,na,na,na,na,na,na,na,na,na,na,na,na,na,na,na,na,na,na,na,na,na,na,na,na,na,na,na,na,na,na,na,na,na,na,na,na,na,na,na,na,na,na,na,na,na,na,na,na,na,na,na,na,na,na,na,na,na,na,na,na,na,na,na,na,na,na,na,na,na,na,na,na,na,na,na,na,na,na,na,na,na,na,na,na,na,na,na,na,na,na,na
    Transportation & Storage,9267,9250.2,9324.6,8956.3,9063.4,8931.6,8744.3,8607.9,8418.5,8500,8204.2,8290.1,8232.4,7984.8,8087.3,7858.3,7688.5,7660.8,7779.3,7137.9,6783,5932.3,8066.3,8441.2,8268.4,8243.4,8214.4,8258.9,8303.9,8228.9,8316.9,8315,8214.6,8150.8,8083,7911.2,7742.1,7755.8,7628.5,7478.7,7550.4,7476.1,7523.9,7395.5,7333,7277.3,7236.8,7315.4,7283.2,7115.9,6935.3,6985.3,6942.3,6947.8,6936.7,6656.9,6707.5,6725.8,6522,6452.4,6361.2,6289.7,6281.9,6191,5997.6,5855.3,5873.1,6099.9,6666.4,6794.7,6681.1,6492,6320.6,6192.9,6091.8,5871.7,5800.6,5656.1,5593.4,5565.9,5485.5,5457,5420.1,5285,5173.9,5079.5,4958.3,4855.5,4655.3,4154.4,4673.8,4659.4,4664.2,4665.8,4594,4409,4398.1,4413.9,4413.3,4506.3,4484.4,4390.6,4357.7,4380.2,4309.3,4237.5,4190.9,4074.5,4013.7,3990,3930,3895.6,3863.2,3838.8,3793.5,3709.6,3629.4,3618.5,3575.2,3510.4,3471.5,3393,3307.7,3266.4,3182.8,3084.7,3033.4,2990.5,2946.1,2887.8,2801.4,2721.9,2668.9,2628.3,2650.8,2634.7,2596,2521.1,2451,2431.6,2415.7,2395.1,2355.3,2287.5,2220.3,2185.2,2148.1,2105.8,2054,2007.5,1979.4,1898.2,1863.8,1804.3,1771,1754.8,1741.8,1705.5,1675.4,1648.8,1608.2,1605.8,1590.8,1605.9,1585.6,1612.8,1538.5,1478.6,1451.3,1422.9,1388.5,1344.1,1327.4,1324.7,1307.3,1267.2,1227.9,1199.4,1164.8,1134.1,1123.8,1088.4,1085,1062.3,983,978.4,936.7,911.3,881.1,849.8,815.8,804.8,775.5,734.4,720,693.3,669.2,653.4,649.2,594.6,589.5,576.3,547.7
    Accommodation & Food Services,2111.9,2056.4,2013.7,2039.9,2073.6,2041.7,2037.8,1997.5,2030,2025.6,1900.6,1953.6,1843.7,1825.7,1608.7,1701.4,1547.3,1561.2,1646.1,1739.5,1717.6,1390.2,1742.9,2290.8,2350.6,2387.5,2395.8,2390.2,2386.9,2376.2,2318.2,2296.6,2285.5,2272.8,2299.8,2261,2302.1,2263.3,2243.8,2217.9,2206.4,2164.5,2171.3,2228.6,2210.7,2183.4,2154.6,2087.1,2101.8,2166.1,2183.5,2044.9,2055.2,2061.1,2039.2,2013.2,1996.5,1951.4,1877.5,1843.5,1769.9,1706.9,1652.5,1576.7,1531.6,1472.4,1488.9,1543.8,1563.6,1600.5,1618.9,1548.4,1558.2,1550,1550.6,1521.4,1496.8,1463.6,1432.5,1437.2,1402.6,1394,1342.4,1298.9,1279.1,1269.7,1282,1272.9,1191.5,944.1,1246.7,1276.6,1264.9,1290.8,1304.8,1286.7,1345.1,1374.4,1389.6,1401.3,1384.1,1354.8,1332,1300.2,1254.8,1272.7,1220.2,1194.6,1178.3,1204.4,1224.5,1277.9,1303.5,1303.1,1287.9,1244.2,1198.7,1205.6,1202.1,1171.5,1166.7,1122.2,1103.8,1096,1102.9,1062.5,1083.3,1070.3,1049.5,1033.4,1001.6,991.9,988.3,973.9,964.5,935.2,916.8,897.3,830.3,907.2,890.8,883.5,882.9,885.8,882.7,855.5,842.5,808.1,777,750.8,736.1,709,670.8,646.4,614.8,616.6,610.8,586.6,589.1,570.7,565.5,568.6,568.2,572.5,571.6,572.1,561.8,560.8,561.1,556.9,554.7,553.9,552.8,536.9,534.5,525.6,517.5,512.4,504.6,491.1,477.8,465.4,452.2,440.1,422.7,416.1,401.3,400,395.3,384.2,378.5,367.2,362.5,355.7,344.9,339.5,331.1,320,317.6,309.1,302.6,300.3,296.1
      Accommodation,956.3,909.8,897.4,911.8,913.8,892.3,920,862.6,869.9,850.7,820.9,831,750.3,714.2,644,711.1,687.5,722.4,726.8,765.4,809,771.4,744.7,969.8,995.9,1032.5,1089.1,997,1036.4,1060.6,1029.6,961.1,961.9,965,960.3,934.5,950.5,933.8,934.4,917.8,908.3,891.1,882.9,926.6,923,906.8,868.3,850.2,857.9,899.1,950.6,865.4,875.9,885.5,892.1,906,898.2,883.3,849,830.5,778.9,723.2,683.7,661.4,624.7,585,583.9,608.3,619.3,653.3,663.6,657.6,667.3,675.9,673.4,660.1,651.1,631.2,627.1,633.9,631.4,629.3,608.5,na,na,na,na,na,na,na,na,na,na,na,na,na,na,na,na,na,na,na,na,na,na,na,na,na,na,na,na,na,na,na,na,na,na,na,na,na,na,na,na,na,na,na,na,na,na,na,na,na,na,na,na,na,na,na,na,na,na,na,na,na,na,na,na,na,na,na,na,na,na,na,na,na,na,na,na,na,na,na,na,na,na,na,na,na,na,na,na,na,na,na,na,na,na,na,na,na,na,na,na,na,na,na,na,na,na,na,na,na,na,na,na,na,na,na,na,na,na,na,na
      Food & Beverage Services,1077.7,1078.3,1085.4,1092.2,1091.1,1082.8,1092.5,1096.2,1106,1106.9,1087.5,1088.6,1052.3,1044.5,974.7,949.5,835,821.3,964.4,942,871.5,622,1075.9,1273.8,1318.1,1355,1379.9,1364.5,1327.9,1317.3,1322.1,1324.2,1316.7,1306.9,1347,1328.3,1344.5,1329.3,1315.4,1299.2,1292.7,1276.9,1287.7,1303.6,1286.7,1278,1276.3,1247.3,1249.7,1264.7,1212.7,1192.6,1180.6,1169.4,1135.7,1114.2,1090.1,1064.8,1026.8,1013.2,983.3,980.4,963.7,899,892.5,886.7,903.6,929,939.7,939.4,944.5,885.6,883.9,863.8,865.8,857.2,842.1,821.2,796.2,800.2,772.1,763,733.1,na,na,na,na,na,na,na,na,na,na,na,na,na,na,na,na,na,na,na,na,na,na,na,na,na,na,na,na,na,na,na,na,na,na,na,na,na,na,na,na,na,na,na,na,na,na,na,na,na,na,na,na,na,na,na,na,na,na,na,na,na,na,na,na,na,na,na,na,na,na,na,na,na,na,na,na,na,na,na,na,na,na,na,na,na,na,na,na,na,na,na,na,na,na,na,na,na,na,na,na,na,na,na,na,na,na,na,na,na,na,na,na,na,na,na,na,na,na,na,na
    Information & Communications,9654.1,9452.9,9149.9,9445.1,9226.3,9062.3,8733,9072.1,8875.5,8541.2,8253,8162.1,7962.7,7697.5,7423.7,7588.6,7353.9,7047.1,6942.3,6788.5,6372.2,5899.2,6071.3,5726.5,5614.1,5461.1,5223.5,5043.3,4907.5,4731.9,4700.3,4591.3,4596.6,4601.8,4605.1,4316.9,4427.6,4494.8,4343.5,4095,4067.7,4128,3929.3,4078.3,4090.8,4092.9,3963.7,3799,3791.2,3873.1,3683.6,3642.5,3513.4,3543.4,3376.1,3391.1,3291.6,3164.3,3158.7,3119.8,3054.8,2981.6,2935.8,2864.4,2839.7,2805.1,2763.6,2777.6,2680.2,2589.9,2564.1,2578.1,2524.2,2461.1,2408.6,2462.1,2371.9,2293.7,2249.5,2298.5,2276,2234.5,2166.7,2175.4,2161,2112.5,2045.3,2006.6,1945.5,1894.4,1947.2,1834.7,1825.1,1802.9,1806.4,1735.8,1716,1713.6,1729.7,1561.2,1527.1,1471.4,1445.6,1365,1300.2,1269.7,1233.6,1131.4,1115.4,1118.2,1101.3,1044.8,1025.9,978.5,917.6,862.9,828.6,810.7,793.3,776.9,751.9,725.9,687.7,679.5,639.5,613.7,599.1,579.3,567.5,546.2,521.2,497,486.6,465,458.2,419.5,422.2,408.7,393.4,376.4,369.7,357.2,346.1,337.4,317.5,312.4,304.1,300.9,290.9,280.9,273.2,257.7,247.7,232.3,227.2,223.1,216.3,209.9,204.1,202.2,194.8,190.6,188.7,190.8,181.3,179.1,174.3,176.5,166.7,159.7,154.4,149.2,143.1,134.8,129.9,121.4,118,110.1,105.4,96.5,95.3,91.4,87.9,82.1,78.9,75.1,72,69.9,67.4,65.2,59.2,56.9,52.7,49.9,55.6,43.9,45.6,43.8,41.3,41.3,38.3,37.8,41.2
    Finance & Insurance,20259.8,20089.2,20101.2,20384.4,19361.3,19271.3,19300.2,19211.3,18340.4,17938.7,17823.3,17883.8,17411.4,17963,17867.2,18049.2,17618.1,17699,17445.4,17045.5,16130.9,15850,16334.8,16056.3,15297.3,15344.9,14862.5,14600.9,14388.7,14307.2,14166.1,14108.3,13828.9,13477.5,12857.9,12979.5,12630.6,12483.1,12486.1,12656.4,12462.3,12340.3,12413.2,12375,11950.5,11737.2,11603.1,11314.1,10742.4,10881.4,10732.5,9608.2,9191.6,9229.3,9103.9,8830.6,9106.3,8586.2,8474.5,8749.3,8145.9,8010.3,7654.4,7640.1,7466.5,7226.6,6556.2,6762.6,7234.7,7471.3,7144.7,7464.3,7124.1,6857.2,6264,6089.8,5847.3,5913.8,5714.7,5347,5188.7,5118.1,5039.8,4885.6,4942.6,4859.6,4848.8,4893,4792,4531.2,3962.9,3950.1,3852.6,3784.6,3995,3940.1,3899.5,4294,4130.7,3526.7,3645.1,3765.4,3809.8,3610.9,3873.3,3933.2,3601.7,3947.2,3604.5,3704.4,3719.6,4338.4,4759.3,4924.3,4743,4254.1,4082,4032.4,3912.2,3571.5,3726.5,3554.5,3235.3,3480.7,3699.8,3579.4,3671.4,3785.7,3388,3369.9,2887.8,3103.6,2967.4,2739.4,2521.8,2437.3,2390.2,2456.9,2367.3,2281.1,2342.8,2249.5,2233.1,1885.9,1930.1,1999.1,1687.3,1700.2,1652.8,1575,1456.1,1531.8,1653,1568.6,1439.6,1288.6,1322.6,1256.5,1235.8,1303.4,1324.7,1261.5,1239.9,1172.6,1149.6,1078.4,1061.3,990,971.9,966.4,917.7,969.4,900.9,845.6,791.7,916.7,915,867.6,831.8,720.9,675,633.2,620.5,553.8,513,492,467.9,499,477,444.9,417,393.1,395.6,402.9,388.9,414.6,386.6,369.8,386.6,370.4,346,336.6,354.7
"    Real Estate, Professional Services And Administrative & Support Services",17924.5,17794,17727.7,17369.3,17308.9,17198.6,17178.7,17163.6,17126.6,17110.7,17125.9,17181.3,16797.3,16641.6,16164.5,15404.6,15144.4,14895.7,14703.2,14578.5,13827.6,13014.9,16168.4,16419.9,16325.5,16290,16304.3,16708.5,17168.3,17278.9,17173.6,16819.7,16797.9,16850.5,16538.5,16368.4,16462.6,16446.5,16648.4,16242.7,15951.9,15440.8,15009.2,14917.1,14530.3,14379.4,14032.6,14019.4,14231.8,14170,13991.4,13685.4,13300.8,13274.2,13232.3,13195.5,13114.1,12523.2,12396.5,12171.9,11769.1,11931.6,11859.4,11369.9,11104.5,10810.3,10643,10703.8,10656.3,10487.9,10379.7,10076.3,9840.7,9608.8,9196,8836.6,8500.5,8251.2,8112.7,8118.8,8029.5,7850.5,7679.3,7432,7270.3,7214.8,7103,6968.1,6832.8,6575,6652.4,6751.5,6623.3,6581.1,6432.5,6217.5,6235.9,6231.3,6258.3,6298.9,6306,6256.9,6206.1,6094.1,6006.2,6020.4,5884,5875.5,5980.2,6012.6,5977.5,6064.1,5892.7,5613.7,5516.6,5392.5,5270.4,5284.3,5135.7,4995.6,4921.2,4815,4685.4,4780.5,4702.1,4587.5,4632.6,4320.4,4253.1,4212.4,4146.1,4074.4,4038.3,3994.9,3946.4,3757.3,3670.8,3609.7,3584.9,3507.1,3432.3,3404.3,3307.9,3297.4,3281.3,3183.2,3107.7,3005.1,2880.3,2802.9,2816.6,2697.7,2358.2,2286.6,2578.4,2580.6,2108.5,2065.7,2313.7,2288.7,2247.5,2436.5,2289.4,2189.3,2163.8,2147.2,2166.1,2191.1,2159.8,2146.9,2144,2142.4,2134.9,2147.3,2139.8,1797.7,1766.3,1682.2,1659.1,1707.2,1650.6,1648,1611.3,1608.9,1575.1,1581,1532.8,1478.1,1482.8,1476.7,1500.3,1518.6,1509.1,1494.7,1519.2,1453.1,1485.1,1483.2,1518.7,1515.7,1535.6,1537.2,1482.6
      Real Estate,5824.7,5746.3,5831.1,5600,5538.6,5474.1,5446.4,5407.3,5479.7,5630.1,5492.3,5513.9,5355.5,5181.4,5149.8,4892.6,4721.8,4548.1,4509.2,4302,3440.8,3111.7,4120.9,4249.1,4227.5,4256.7,4374.2,4252.8,4306.7,4258.3,4151.7,4195.8,4171.9,4289.6,4250.6,4407.7,4535.9,4569.7,4739.1,4716.4,4736.3,4650.5,4678.6,4600.8,4578.3,4634.2,4653.1,4764.3,4716.5,4683.7,4562.8,4429.6,4334.4,4269.9,4233.1,4168.2,4363.5,4139.1,4188.4,4198.5,4020.3,4117.9,3977.9,3874.5,3720.2,3663.8,3508.4,3468.3,3438.3,3356.5,3302,3190.5,3127.7,3057.3,2951.2,2813,2767.8,2749.8,2732.7,2850.1,2810.8,2763.8,2723,na,na,na,na,na,na,na,na,na,na,na,na,na,na,na,na,na,na,na,na,na,na,na,na,na,na,na,na,na,na,na,na,na,na,na,na,na,na,na,na,na,na,na,na,na,na,na,na,na,na,na,na,na,na,na,na,na,na,na,na,na,na,na,na,na,na,na,na,na,na,na,na,na,na,na,na,na,na,na,na,na,na,na,na,na,na,na,na,na,na,na,na,na,na,na,na,na,na,na,na,na,na,na,na,na,na,na,na,na,na,na,na,na,na,na,na,na,na,na,na
      Professional Services,8129.6,7988.3,7966.4,7888.4,7862.2,7748,7832.5,7855.3,7763.4,7585.8,7737.5,7757.5,7528.6,7461.6,7147.9,6931.5,6741.5,6639.7,6421.5,6425.2,6398.7,5819.2,6891.1,7210.3,7016.9,6950.3,6933.6,6730,6550.6,6487.9,6560.7,6403.4,6475.2,6433.9,6304.8,6145.3,6252,6203.4,6078.9,6131.5,6131,6048.4,5894.6,5956.1,5641.8,5530.8,5405.9,5294.9,5684.4,5693.2,5819.6,5745.2,5523.4,5611.4,5516.2,5532.8,5428.9,5201.8,5216.4,5229.8,5173.8,5258.1,5310.3,5111.8,5132.4,4949.5,4914.9,4891.6,4932.7,4881.2,4846.9,4785.1,4789.9,4700.4,4472.2,4281.5,4113.6,4009.3,3905.6,3844.7,3781.8,3700.5,3633.3,na,na,na,na,na,na,na,na,na,na,na,na,na,na,na,na,na,na,na,na,na,na,na,na,na,na,na,na,na,na,na,na,na,na,na,na,na,na,na,na,na,na,na,na,na,na,na,na,na,na,na,na,na,na,na,na,na,na,na,na,na,na,na,na,na,na,na,na,na,na,na,na,na,na,na,na,na,na,na,na,na,na,na,na,na,na,na,na,na,na,na,na,na,na,na,na,na,na,na,na,na,na,na,na,na,na,na,na,na,na,na,na,na,na,na,na,na,na,na,na
      Administrative & Support Services,4208.9,4222.9,4169.5,4062.9,4110.1,4116.6,4095.1,4083.2,4063.2,4058.2,4101.7,4137.1,4081.3,4088.1,4034.4,3792.6,3829.4,3758.1,3843.6,4025.3,4021.5,4006.5,5096.1,5137.9,5105.3,5027.8,4940.9,5864.1,6263.8,6406,6396.4,6262.2,6129.6,6051.8,5969.4,5832.4,5699.6,5633.2,5847.9,5391.8,5117.9,4740.2,4400.3,4349.3,4311,4224.5,3908.2,3922.3,3818.9,3802.6,3543.2,3471.4,3425.9,3412.5,3452.1,3430.9,3322.1,3169.5,2982.2,2706.4,2598,2582.7,2585.1,2322.5,2286.4,2213.1,2240.3,2310.6,2307.6,2260.4,2237.1,2090.6,1952.7,1889.9,1793.7,1758.2,1642.9,1555.1,1526.2,1486.8,1493.6,1470.3,1402,na,na,na,na,na,na,na,na,na,na,na,na,na,na,na,na,na,na,na,na,na,na,na,na,na,na,na,na,na,na,na,na,na,na,na,na,na,na,na,na,na,na,na,na,na,na,na,na,na,na,na,na,na,na,na,na,na,na,na,na,na,na,na,na,na,na,na,na,na,na,na,na,na,na,na,na,na,na,na,na,na,na,na,na,na,na,na,na,na,na,na,na,na,na,na,na,na,na,na,na,na,na,na,na,na,na,na,na,na,na,na,na,na,na,na,na,na,na,na,na
    Other Services Industries,14172.4,14046.5,13713.9,13744.7,13554.5,13473.1,13527.4,13328,13285.9,13102.6,12979.3,12824.4,12778.4,12544.9,12243.7,12189.8,11887.8,11929.6,12036.2,11931.5,11464.4,10243.5,12094.7,12650,12550.5,12475.6,12390.6,12232.6,12189.1,12137.1,12184.8,12064.5,11946.2,11979.8,11846.1,11826.8,11786.9,11566.5,11392.6,11290.6,11329.6,11224.6,11127.4,11197.1,10825.3,11022.9,10850.2,10632.7,10802.9,10617.8,10439.9,10538.4,10277,10366.8,10493.2,10154.9,10187.1,10049.5,10049.3,10001.6,9864.1,9820.5,8926.7,8732.9,8629.3,8406.1,8247.2,8201.1,8074.2,8023.5,7865.5,7933.8,7849.1,7771.5,7659.5,7690,7598,7565.8,7470,7209,7264.9,7154,7101.1,6930.7,6960.3,6902.2,6826.8,6823.8,6696.5,6461,6646.8,6685.9,6636,6607.1,6342.7,6353.2,6273.6,6190.5,6113.5,5970.8,5836.1,5738.6,5576.9,5441.9,5312,5226,5155.8,5076.6,5071.3,5010.7,4954.9,4973,4884.5,4833.2,4748.5,4596.2,4564.4,4400.2,4383.2,4261.2,4145,4033.7,4000.3,3977.8,3861.5,3819.1,3717.9,3627.7,3544,3455.2,3373.2,3307.5,3285.4,3235.3,3174.4,3142.8,3091.1,3038.9,2971.8,2930,2903.6,2862.6,2773.8,2695.9,2676.6,2669.9,2555.8,2497.4,2467,2417.6,2439.5,2455.1,2312,2308.1,2322.4,2250.6,2196.5,2141.5,2125.6,2087.5,2048,2040.7,2049.8,1956.8,2002.5,1977.6,1939.7,1909,1887.4,1850.7,1812.3,1816.4,1761.9,1708.5,1629.1,1626.9,1571.6,1572.9,1567.5,1549.8,1516.5,1494.7,1483.1,1453.8,1452.2,1434.7,1391.8,1421.8,1382.4,1340.6,1326.5,1288.6,1272.2,1263.4,1257.3,1256.9,1242.5,1244.1,1217.4,1215.6,1213.5,1187.3,1164.5
      Public Administration & Defence,3172.2,3130.5,3147.6,3174.3,3164.3,3148,3146.9,3137.7,3145,3142.6,3136.5,3124.6,3165,3114.1,3099.6,3092.5,3087.1,3106.5,3084.4,3064.1,3006.6,2948.5,2970.4,2918.6,2884.2,2857.6,2857.8,2818.2,2798.7,2828.3,2766.3,2764.7,2764.8,2783,2740.5,2792,2765.8,2719.3,2735.1,2696.6,2666.4,2642.5,2622.2,2592.3,2579.3,2544.5,2499.9,2528.3,2525.8,2550.7,2484.9,2539.7,2483.7,2477.5,2465.4,2444.6,2424,2433,2418.4,2422.8,2442,2413.7,2419.1,2432,2458.2,2251.8,2286.6,2234.1,2165.5,2166.1,2187.4,2178,2166.1,2134.9,2113.5,2109.8,2116.5,2107.8,2101.4,2086,2094.4,2055,2130.8,na,na,na,na,na,na,na,na,na,na,na,na,na,na,na,na,na,na,na,na,na,na,na,na,na,na,na,na,na,na,na,na,na,na,na,na,na,na,na,na,na,na,na,na,na,na,na,na,na,na,na,na,na,na,na,na,na,na,na,na,na,na,na,na,na,na,na,na,na,na,na,na,na,na,na,na,na,na,na,na,na,na,na,na,na,na,na,na,na,na,na,na,na,na,na,na,na,na,na,na,na,na,na,na,na,na,na,na,na,na,na,na,na,na,na,na,na,na,na,na
      Education,3732.9,3751.2,3670.3,3690.3,3709.2,3661.7,3650.4,3631.7,3620.1,3580.7,3602.3,3568.4,3537.3,3504.2,3485.4,3481.8,3468.5,3433.8,3424.6,3404.7,3301.4,3214.9,3377.8,3450.8,3466.7,3458.7,3411.6,3437.3,3462.5,3476.3,3433.1,3391.7,3398.3,3375.1,3409.4,3394.5,3416.4,3399.5,3414.2,3404.6,3389.7,3393,3324.9,3300.1,3250.5,3228.3,3198.1,3178.2,3188.5,3135.3,3139.2,3105,3084.6,3058.9,2971.9,2933.4,2902.2,2893.3,2948.2,2889.8,2848.3,2852,2824.3,2811.9,2751,2709.9,2640,2608.4,2556.9,2520.2,2451.2,2430.5,2410.4,2375.8,2360.5,2354.4,2317,2274.4,2311.1,2099.3,2128.7,2136,2117.3,na,na,na,na,na,na,na,na,na,na,na,na,na,na,na,na,na,na,na,na,na,na,na,na,na,na,na,na,na,na,na,na,na,na,na,na,na,na,na,na,na,na,na,na,na,na,na,na,na,na,na,na,na,na,na,na,na,na,na,na,na,na,na,na,na,na,na,na,na,na,na,na,na,na,na,na,na,na,na,na,na,na,na,na,na,na,na,na,na,na,na,na,na,na,na,na,na,na,na,na,na,na,na,na,na,na,na,na,na,na,na,na,na,na,na,na,na,na,na,na
      Health & Social Services,3949.9,3897,3783.8,3781.8,3735.7,3681.5,3591.3,3560,3535.1,3528.3,3466.7,3448.4,3401.9,3394.3,3337.2,3286.9,3253.6,3207.9,3246.8,3168.4,3015.7,2712.5,2960.7,3109.2,3081.7,3044.2,3039,3007.8,2954.4,2952.9,2919.4,2893.4,2888.6,2870.7,2886.5,2850.9,2825.5,2754.8,2673.3,2592.4,2476.9,2484.1,2445,2411.3,2400.6,2347.4,2299.3,2264.7,2206.6,2178.7,2145.8,2116.4,2089.5,2069,2060.4,2031.9,2005.3,1956.8,1969.4,1932.7,1891.1,1916.3,1842,1801.6,1761.8,1735.3,1708.4,1700.6,1707.4,1703.6,1668.5,1685.4,1678.8,1663.7,1636.7,1641.6,1628,1622,1601.9,1536.8,1550.9,1515.8,1509.5,na,na,na,na,na,na,na,na,na,na,na,na,na,na,na,na,na,na,na,na,na,na,na,na,na,na,na,na,na,na,na,na,na,na,na,na,na,na,na,na,na,na,na,na,na,na,na,na,na,na,na,na,na,na,na,na,na,na,na,na,na,na,na,na,na,na,na,na,na,na,na,na,na,na,na,na,na,na,na,na,na,na,na,na,na,na,na,na,na,na,na,na,na,na,na,na,na,na,na,na,na,na,na,na,na,na,na,na,na,na,na,na,na,na,na,na,na,na,na,na
"      Arts, Entertainment & Recreation",1553.8,1466.8,1523.2,1430,1231.8,1226,1580.8,1370.7,1343.5,1171.7,1276.1,1161.5,1180.8,990.6,952.2,920.3,693.2,750.9,939.5,926.8,802.1,89.2,1308.3,1563.4,1516.6,1448.5,1581.6,1397.8,1467.8,1331.1,1655.9,1498.5,1425.7,1458.4,1409.1,1304,1344.8,1263.1,1190.6,1167.5,1405.1,1337.7,1415.2,1518.3,1275.1,1591.5,1600.7,1329.2,1551.6,1440.9,1457.4,1467,1345.7,1487.5,1827.8,1489.9,1610.8,1537.4,1614.9,1544.7,1487.2,1436.7,802.3,592.9,568.8,616.7,592.2,573.9,564.5,583.4,553.3,574.7,539.3,581.6,568.5,572.9,535.3,586.1,539.7,520.9,537.7,514.5,482.3,na,na,na,na,na,na,na,na,na,na,na,na,na,na,na,na,na,na,na,na,na,na,na,na,na,na,na,na,na,na,na,na,na,na,na,na,na,na,na,na,na,na,na,na,na,na,na,na,na,na,na,na,na,na,na,na,na,na,na,na,na,na,na,na,na,na,na,na,na,na,na,na,na,na,na,na,na,na,na,na,na,na,na,na,na,na,na,na,na,na,na,na,na,na,na,na,na,na,na,na,na,na,na,na,na,na,na,na,na,na,na,na,na,na,na,na,na,na,na,na
      Other Services - Others,1687.5,1694.5,1692.7,1679.6,1635.7,1652.2,1650.7,1630.8,1574.3,1576.5,1566.7,1503.6,1431.7,1435.3,1412.1,1354.8,1318.4,1312.5,1379,1306,1291.6,1137.2,1540,1590.3,1612.4,1610.9,1590.5,1544.1,1516.6,1499.7,1484.3,1483.6,1476.3,1466.9,1454.7,1447.8,1436.6,1426.2,1411.4,1399.3,1384.6,1371.8,1360.4,1340,1317.9,1307.4,1303.2,1307.8,1305,1302.9,1290.4,1277.8,1262.9,1251.7,1246.1,1228.9,1215.4,1201.9,1188.5,1175.7,1174,1173.4,1160,1152.7,1140.2,1135.9,1128.3,1128.3,1116.2,1106,1097.9,1112.3,1095.7,1077.6,1065.8,1054.2,1048,1034.9,1011,1015.4,1006.5,993.5,976.1,na,na,na,na,na,na,na,na,na,na,na,na,na,na,na,na,na,na,na,na,na,na,na,na,na,na,na,na,na,na,na,na,na,na,na,na,na,na,na,na,na,na,na,na,na,na,na,na,na,na,na,na,na,na,na,na,na,na,na,na,na,na,na,na,na,na,na,na,na,na,na,na,na,na,na,na,na,na,na,na,na,na,na,na,na,na,na,na,na,na,na,na,na,na,na,na,na,na,na,na,na,na,na,na,na,na,na,na,na,na,na,na,na,na,na,na,na,na,na,na
  Ownership Of Dwellings,6076.6,6038.6,5978.5,5972.2,5923.6,5908.8,5770.4,5736.4,5632,5633.5,5505.4,5551,5525,5516.7,5413.9,5507.1,5494.7,5503.9,5403.8,5434.8,5455,5479.8,5508.2,5473.1,5423.6,5382.8,5346.2,5257.9,5210.6,5165.2,5103.6,5032.6,4962.8,4917,4877,4810.8,4767.4,4700.6,4665.9,4587.2,4550.1,4498.7,4464.1,4403.4,4351.9,4293.6,4255.7,4205.3,4166.8,4153,4137.4,4101.4,4057,3999,3952.4,3909,3859.9,3843.9,3805.1,3728,3730,3740.5,3738.5,3702.8,3718.7,3739.5,3736.5,3729,3683.2,3648.8,3636.2,3629.4,3648.5,3658,3646.2,3631.7,3630.1,3623.6,3610.8,3581.7,3568.5,3541.5,3528.6,3525.1,3501.3,3486.7,3444.1,3413.5,3430.6,3447.6,3443.4,3449.7,3411,3387.9,3361.3,3264.1,3232.4,3222,3238.5,3215.5,3163.5,3110.2,3070.7,3023.6,2957.6,2886.6,2826.6,2774.1,2722.7,2658.2,2618.2,2527.3,2469.2,2431.8,2413.6,2385.9,2364.5,2333.9,2317.3,2311.4,2284.4,2260.3,2253.6,2247.3,2211.7,2184.1,2155,2138,2117.6,2089.9,2074.4,2029.4,2043.2,2016.3,2014.7,2015.8,2017.7,1994,1991.4,1985.9,1975.5,1950.5,1949.9,1976.3,1944.1,1958.9,1951.7,1882.6,1803.4,1809.8,1795.8,1748.3,1697.1,1714.5,1689,1601.3,1590.8,1545.5,1495.4,1485.3,1377.6,1300.2,1340.4,1254.8,1223,1176.1,1119.2,918,862.6,850.2,850.6,621.5,604.6,597.7,604.9,642.2,641,632.9,621,483,484.7,485.1,485.1,463.5,461.4,460.5,455,428.7,427,425.4,421.9,420.9,410.7,410.7,402.4,397.1,389.2,381,379.1,374.2,370.3,362.5,356.2
  Gross Value Added At Basic Prices,140557,137512.9,135273.9,136005.5,135225.2,131295,130096.4,129546.1,128048.1,126936.7,125825.1,125985.4,125859.9,125075.6,124611,122101.6,119975.5,118630.4,118565.1,112777.7,109120.6,101644.5,113621.8,113231.5,113337,112907.6,111879.6,111905.4,112400.7,111153.3,110480.7,109282.5,108731.9,106224.5,105424.2,105147.5,103074.7,102188.5,101269.9,100208.4,100741.4,99565,98552.5,99046.9,97648.2,96731.8,95819.9,95047.8,93968.2,93202.7,91378.8,90225.3,87853.9,88849.2,87768.5,86467,85697.3,83493,83752.2,81912.8,78820.5,81181.9,76281.4,71981.2,70814.1,68267.7,65599.6,67399.4,68833.2,69292.6,71175.3,68899.1,68387.5,66460.2,64989.2,64470.8,62026.6,60843.4,60105,59127.3,57285.8,55924.4,54444.1,54076.2,52850.1,52528.6,51536.4,50188.9,48833.9,46090.1,46841.9,46217.1,46360.5,46183.4,44983.9,43533.5,43298.2,44356.2,45428.7,45778.1,45385,43859.2,43060.2,41624.2,41367,40686,39712.1,39039.7,38327.8,38683.5,38739.2,39834.3,40174.2,39381.6,38168.7,37180.3,36080.5,36059.8,36071.6,34939.7,34650.7,33285.4,32057.2,32328.6,31888,30988.7,30574.1,29556.7,28514.5,27987.5,26850.5,26329,25579.7,24905.3,24580.1,24226.2,23963.1,23630.3,23378.5,22799.3,22375.2,22048.4,21739.5,20835.5,20578.2,20297.6,19182.9,19142.6,18731,18232.3,17570.4,17315.2,16810.1,16284.8,15794.8,15412.9,15013.3,14792.4,14598.9,14465.9,14608.4,14783,15186.9,15038.9,14976.6,14788.4,14605.8,14159.6,13756.4,13448.3,13169.9,12830.5,12659.5,12457.3,12283.4,12112.6,11873.7,11635.5,11272,10941.7,10661.9,10438.4,10209.6,10039.8,9645.9,9481.8,9193.7,9172.9,8919.7,8581.8,8375.1,8318.4,8171.9,8090.6,7935.5,7755.5,7692.4,7532.8,7464.3,7244.7,7154,7016,6883.9
  Add: Taxes On Products,7767.8,7432.8,7309,7195.6,7224.7,7047.5,6785.7,6871.9,6792.3,6651.9,6620.5,6411.6,6592.5,6669.2,6522.4,6955.7,6815.1,6782.1,7176.4,7176.5,6685.7,3863.3,6988.7,7337.1,7470.6,7413.5,7491.5,6864.8,7331.1,7474,7255.8,7721.2,7296.2,6999.8,7290.8,6898.8,7168.8,6940.6,6575.4,6519.3,6097.9,5947.7,5673.6,5598,5473.1,5427.5,5317.2,5317.5,5473.1,5572.3,5442.8,5722.7,5622.5,5574.7,5827.3,5418.7,5585.5,5572.2,5479,5751.9,5497.9,5611.4,5690.5,5597.9,5587,5318.5,4941.5,5051.8,5315.1,5393.8,5370.6,5960.6,6278.1,6449.6,6250,5365.2,5204.7,5144.4,5280.2,5051.5,4871.5,4725.3,4820.8,4732.4,4636.1,4484.9,4708.7,4380.5,4192.4,4130.7,4037,4024.4,3927.4,4094.3,3855.6,3942.3,3872.6,3833.2,4030.6,4046.8,4169.9,4157.9,3999.2,4020.5,3832.8,3608.3,3461.3,3398.8,3388.4,3356.2,3646.8,3726.2,3760,3926.6,3627.1,3444.4,3530.1,3563.7,3482.3,3418.5,3329,3257.9,3391.7,3339.3,3252.6,3048.7,3048.9,3215.1,2957.4,2956.1,2767.3,2596.4,2684,2592.9,2649.8,2423.7,2595.8,2398.3,2237.2,2210.8,2371.5,2492.4,2611.4,2575.2,2130.7,2183.2,2116.7,2121.5,1917.4,1879,1722,1822.8,1821.2,1645.1,1587,1547.7,1539.1,1487.2,1472.2,1451.5,1495.2,1496.5,1548.3,1480.4,1501.2,1516.2,1508.9,1468.9,1402,1450.1,1409.1,1387.1,1330.5,1348.7,1273.9,1287.8,1281.7,1203.2,1208.8,1177.3,1182.9,1133.2,1171.4,1161.7,1076,1027.4,962.9,941.1,951.7,921.4,924.6,879.6,899.3,881.7,847.2,842.9,790.3,805.1,802.5,814.4,778.1,750.8,766.2
,,,,,,,,,,,,,,,,,,,,,,,,,,,,,,,,,,,,,,,,,,,,,,,,,,,,,,,,,,,,,,,,,,,,,,,,,,,,,,,,,,,,,,,,,,,,,,,,,,,,,,,,,,,,,,,,,,,,,,,,,,,,,,,,,,,,,,,,,,,,,,,,,,,,,,,,,,,,,,,,,,,,,,,,,,,,,,,,,,,,,,,,,,,,,,,,,,,,,,,,,,,
Definitions and Footnotes:,,,,,,,,,,,,,,,,,,,,,,,,,,,,,,,,,,,,,,,,,,,,,,,,,,,,,,,,,,,,,,,,,,,,,,,,,,,,,,,,,,,,,,,,,,,,,,,,,,,,,,,,,,,,,,,,,,,,,,,,,,,,,,,,,,,,,,,,,,,,,,,,,,,,,,,,,,,,,,,,,,,,,,,,,,,,,,,,,,,,,,,,,,,,,,,,,,,,,,,,,,,
Disaggregated chain-linked data generally do not add up to the total.,,,,,,,,,,,,,,,,,,,,,,,,,,,,,,,,,,,,,,,,,,,,,,,,,,,,,,,,,,,,,,,,,,,,,,,,,,,,,,,,,,,,,,,,,,,,,,,,,,,,,,,,,,,,,,,,,,,,,,,,,,,,,,,,,,,,,,,,,,,,,,,,,,,,,,,,,,,,,,,,,,,,,,,,,,,,,,,,,,,,,,,,,,,,,,,,,,,,,,,,,,,
GDP In Chained (2015) Dollars -> Goods Producing Industries -> Other Goods Industries (Million Dollars):,,,,,,,,,,,,,,,,,,,,,,,,,,,,,,,,,,,,,,,,,,,,,,,,,,,,,,,,,,,,,,,,,,,,,,,,,,,,,,,,,,,,,,,,,,,,,,,,,,,,,,,,,,,,,,,,,,,,,,,,,,,,,,,,,,,,,,,,,,,,,,,,,,,,,,,,,,,,,,,,,,,,,,,,,,,,,,,,,,,,,,,,,,,,,,,,,,,,,,,,,,,
"Other goods industries comprise agriculture, fishing and quarrying.",,,,,,,,,,,,,,,,,,,,,,,,,,,,,,,,,,,,,,,,,,,,,,,,,,,,,,,,,,,,,,,,,,,,,,,,,,,,,,,,,,,,,,,,,,,,,,,,,,,,,,,,,,,,,,,,,,,,,,,,,,,,,,,,,,,,,,,,,,,,,,,,,,,,,,,,,,,,,,,,,,,,,,,,,,,,,,,,,,,,,,,,,,,,,,,,,,,,,,,,,,,
GDP In Chained (2015) Dollars -> Services Producing Industries -> Other Services Industries -> Other Services - Others (Million Dollars):,,,,,,,,,,,,,,,,,,,,,,,,,,,,,,,,,,,,,,,,,,,,,,,,,,,,,,,,,,,,,,,,,,,,,,,,,,,,,,,,,,,,,,,,,,,,,,,,,,,,,,,,,,,,,,,,,,,,,,,,,,,,,,,,,,,,,,,,,,,,,,,,,,,,,,,,,,,,,,,,,,,,,,,,,,,,,,,,,,,,,,,,,,,,,,,,,,,,,,,,,,,
"Comprise Activities of membership organisations, Repair of computers, personal, household goods & vehicles, Other personal services and Activities of households as employers of domestic personnel.",,,,,,,,,,,,,,,,,,,,,,,,,,,,,,,,,,,,,,,,,,,,,,,,,,,,,,,,,,,,,,,,,,,,,,,,,,,,,,,,,,,,,,,,,,,,,,,,,,,,,,,,,,,,,,,,,,,,,,,,,,,,,,,,,,,,,,,,,,,,,,,,,,,,,,,,,,,,,,,,,,,,,,,,,,,,,,,,,,,,,,,,,,,,,,,,,,,,,,,,,,,
,,,,,,,,,,,,,,,,,,,,,,,,,,,,,,,,,,,,,,,,,,,,,,,,,,,,,,,,,,,,,,,,,,,,,,,,,,,,,,,,,,,,,,,,,,,,,,,,,,,,,,,,,,,,,,,,,,,,,,,,,,,,,,,,,,,,,,,,,,,,,,,,,,,,,,,,,,,,,,,,,,,,,,,,,,,,,,,,,,,,,,,,,,,,,,,,,,,,,,,,,,,
Basic Price:,,,,,,,,,,,,,,,,,,,,,,,,,,,,,,,,,,,,,,,,,,,,,,,,,,,,,,,,,,,,,,,,,,,,,,,,,,,,,,,,,,,,,,,,,,,,,,,,,,,,,,,,,,,,,,,,,,,,,,,,,,,,,,,,,,,,,,,,,,,,,,,,,,,,,,,,,,,,,,,,,,,,,,,,,,,,,,,,,,,,,,,,,,,,,,,,,,,,,,,,,,,
"The amount receivable by the producer from the purchaser for a unit of a good or service produced as output minus any tax payable, and plus any subsidy receivable, on that unit as a consequence of its production or sale; it excludes any transport charges invoiced separately by the producer.",,,,,,,,,,,,,,,,,,,,,,,,,,,,,,,,,,,,,,,,,,,,,,,,,,,,,,,,,,,,,,,,,,,,,,,,,,,,,,,,,,,,,,,,,,,,,,,,,,,,,,,,,,,,,,,,,,,,,,,,,,,,,,,,,,,,,,,,,,,,,,,,,,,,,,,,,,,,,,,,,,,,,,,,,,,,,,,,,,,,,,,,,,,,,,,,,,,,,,,,,,,
Gross Domestic Product:,,,,,,,,,,,,,,,,,,,,,,,,,,,,,,,,,,,,,,,,,,,,,,,,,,,,,,,,,,,,,,,,,,,,,,,,,,,,,,,,,,,,,,,,,,,,,,,,,,,,,,,,,,,,,,,,,,,,,,,,,,,,,,,,,,,,,,,,,,,,,,,,,,,,,,,,,,,,,,,,,,,,,,,,,,,,,,,,,,,,,,,,,,,,,,,,,,,,,,,,,,,
"Aggregate value of the goods and services produced in the economic territory of Singapore. The GDP estimates are compiled based on the output (or production), expenditure and income approaches. See Output-based GDP, Expenditure-based GDP and Income-based GDP.",,,,,,,,,,,,,,,,,,,,,,,,,,,,,,,,,,,,,,,,,,,,,,,,,,,,,,,,,,,,,,,,,,,,,,,,,,,,,,,,,,,,,,,,,,,,,,,,,,,,,,,,,,,,,,,,,,,,,,,,,,,,,,,,,,,,,,,,,,,,,,,,,,,,,,,,,,,,,,,,,,,,,,,,,,,,,,,,,,,,,,,,,,,,,,,,,,,,,,,,,,,
Taxes on Products:,,,,,,,,,,,,,,,,,,,,,,,,,,,,,,,,,,,,,,,,,,,,,,,,,,,,,,,,,,,,,,,,,,,,,,,,,,,,,,,,,,,,,,,,,,,,,,,,,,,,,,,,,,,,,,,,,,,,,,,,,,,,,,,,,,,,,,,,,,,,,,,,,,,,,,,,,,,,,,,,,,,,,,,,,,,,,,,,,,,,,,,,,,,,,,,,,,,,,,,,,,,
"Refers to taxes payable per unit of good and services when they are produced, delivered, sold, transferred or otherwise disposed of by their producers.",,,,,,,,,,,,,,,,,,,,,,,,,,,,,,,,,,,,,,,,,,,,,,,,,,,,,,,,,,,,,,,,,,,,,,,,,,,,,,,,,,,,,,,,,,,,,,,,,,,,,,,,,,,,,,,,,,,,,,,,,,,,,,,,,,,,,,,,,,,,,,,,,,,,,,,,,,,,,,,,,,,,,,,,,,,,,,,,,,,,,,,,,,,,,,,,,,,,,,,,,,,
Value Added:,,,,,,,,,,,,,,,,,,,,,,,,,,,,,,,,,,,,,,,,,,,,,,,,,,,,,,,,,,,,,,,,,,,,,,,,,,,,,,,,,,,,,,,,,,,,,,,,,,,,,,,,,,,,,,,,,,,,,,,,,,,,,,,,,,,,,,,,,,,,,,,,,,,,,,,,,,,,,,,,,,,,,,,,,,,,,,,,,,,,,,,,,,,,,,,,,,,,,,,,,,,
"Gross value added is derived by the output or income approach. 
The output approach measures value added as output less intermediate consumption. Output refers to the value of goods and services produced  while intermediate consumption is value of goods and services consumed as inputs by a process of production, e.g. materials, utilities, fuel, rental paid for premises and equipment, banking and financial charges and other operating costs.
The income approach derives value added as the sum of incomes generated from the domestic production of goods and services, which comprise gross operating surplus, remuneration and taxes (less subsidies) on production. ",,,,,,,,,,,,,,,,,,,,,,,,,,,,,,,,,,,,,,,,,,,,,,,,,,,,,,,,,,,,,,,,,,,,,,,,,,,,,,,,,,,,,,,,,,,,,,,,,,,,,,,,,,,,,,,,,,,,,,,,,,,,,,,,,,,,,,,,,,,,,,,,,,,,,,,,,,,,,,,,,,,,,,,,,,,,,,,,,,,,,,,,,,,,,,,,,,,,,,,,,,,
,,,,,,,,,,,,,,,,,,,,,,,,,,,,,,,,,,,,,,,,,,,,,,,,,,,,,,,,,,,,,,,,,,,,,,,,,,,,,,,,,,,,,,,,,,,,,,,,,,,,,,,,,,,,,,,,,,,,,,,,,,,,,,,,,,,,,,,,,,,,,,,,,,,,,,,,,,,,,,,,,,,,,,,,,,,,,,,,,,,,,,,,,,,,,,,,,,,,,,,,,,,
Notation:,,,,,,,,,,,,,,,,,,,,,,,,,,,,,,,,,,,,,,,,,,,,,,,,,,,,,,,,,,,,,,,,,,,,,,,,,,,,,,,,,,,,,,,,,,,,,,,,,,,,,,,,,,,,,,,,,,,,,,,,,,,,,,,,,,,,,,,,,,,,,,,,,,,,,,,,,,,,,,,,,,,,,,,,,,,,,,,,,,,,,,,,,,,,,,,,,,,,,,,,,,,
na   not available or not applicable,,,,,,,,,,,,,,,,,,,,,,,,,,,,,,,,,,,,,,,,,,,,,,,,,,,,,,,,,,,,,,,,,,,,,,,,,,,,,,,,,,,,,,,,,,,,,,,,,,,,,,,,,,,,,,,,,,,,,,,,,,,,,,,,,,,,,,,,,,,,,,,,,,,,,,,,,,,,,,,,,,,,,,,,,,,,,,,,,,,,,,,,,,,,,,,,,,,,,,,,,,,
nec  not elsewhere classified,,,,,,,,,,,,,,,,,,,,,,,,,,,,,,,,,,,,,,,,,,,,,,,,,,,,,,,,,,,,,,,,,,,,,,,,,,,,,,,,,,,,,,,,,,,,,,,,,,,,,,,,,,,,,,,,,,,,,,,,,,,,,,,,,,,,,,,,,,,,,,,,,,,,,,,,,,,,,,,,,,,,,,,,,,,,,,,,,,,,,,,,,,,,,,,,,,,,,,,,,,,
nes  not elsewhere specified,,,,,,,,,,,,,,,,,,,,,,,,,,,,,,,,,,,,,,,,,,,,,,,,,,,,,,,,,,,,,,,,,,,,,,,,,,,,,,,,,,,,,,,,,,,,,,,,,,,,,,,,,,,,,,,,,,,,,,,,,,,,,,,,,,,,,,,,,,,,,,,,,,,,,,,,,,,,,,,,,,,,,,,,,,,,,,,,,,,,,,,,,,,,,,,,,,,,,,,,,,,
 -     nil or negligible or not significant,,,,,,,,,,,,,,,,,,,,,,,,,,,,,,,,,,,,,,,,,,,,,,,,,,,,,,,,,,,,,,,,,,,,,,,,,,,,,,,,,,,,,,,,,,,,,,,,,,,,,,,,,,,,,,,,,,,,,,,,,,,,,,,,,,,,,,,,,,,,,,,,,,,,,,,,,,,,,,,,,,,,,,,,,,,,,,,,,,,,,,,,,,,,,,,,,,,,,,,,,,,
Notes,,,,,,,,,,,,,,,,,,,,,,,,,,,,,,,,,,,,,,,,,,,,,,,,,,,,,,,,,,,,,,,,,,,,,,,,,,,,,,,,,,,,,,,,,,,,,,,,,,,,,,,,,,,,,,,,,,,,,,,,,,,,,,,,,,,,,,,,,,,,,,,,,,,,,,,,,,,,,,,,,,,,,,,,,,,,,,,,,,,,,,,,,,,,,,,,,,,,,,,,,,,
Numbers may not add up to the totals due to rounding.,,,,,,,,,,,,,,,,,,,,,,,,,,,,,,,,,,,,,,,,,,,,,,,,,,,,,,,,,,,,,,,,,,,,,,,,,,,,,,,,,,,,,,,,,,,,,,,,,,,,,,,,,,,,,,,,,,,,,,,,,,,,,,,,,,,,,,,,,,,,,,,,,,,,,,,,,,,,,,,,,,,,,,,,,,,,,,,,,,,,,,,,,,,,,,,,,,,,,,,,,,,
"Data are the latest available at the time of access or download. Some statistics, particularly those for the most recent time periods, are provisional and may be subject to revision at a later date.",,,,,,,,,,,,,,,,,,,,,,,,,,,,,,,,,,,,,,,,,,,,,,,,,,,,,,,,,,,,,,,,,,,,,,,,,,,,,,,,,,,,,,,,,,,,,,,,,,,,,,,,,,,,,,,,,,,,,,,,,,,,,,,,,,,,,,,,,,,,,,,,,,,,,,,,,,,,,,,,,,,,,,,,,,,,,,,,,,,,,,,,,,,,,,,,,,,,,,,,,,,
Values are shown in Singapore dollars (unless otherwise specified).,,,,,,,,,,,,,,,,,,,,,,,,,,,,,,,,,,,,,,,,,,,,,,,,,,,,,,,,,,,,,,,,,,,,,,,,,,,,,,,,,,,,,,,,,,,,,,,,,,,,,,,,,,,,,,,,,,,,,,,,,,,,,,,,,,,,,,,,,,,,,,,,,,,,,,,,,,,,,,,,,,,,,,,,,,,,,,,,,,,,,,,,,,,,,,,,,,,,,,,,,,,
,,,,,,,,,,,,,,,,,,,,,,,,,,,,,,,,,,,,,,,,,,,,,,,,,,,,,,,,,,,,,,,,,,,,,,,,,,,,,,,,,,,,,,,,,,,,,,,,,,,,,,,,,,,,,,,,,,,,,,,,,,,,,,,,,,,,,,,,,,,,,,,,,,,,,,,,,,,,,,,,,,,,,,,,,,,,,,,,,,,,,,,,,,,,,,,,,,,,,,,,,,,
Generated by: SingStat Table Builder,,,,,,,,,,,,,,,,,,,,,,,,,,,,,,,,,,,,,,,,,,,,,,,,,,,,,,,,,,,,,,,,,,,,,,,,,,,,,,,,,,,,,,,,,,,,,,,,,,,,,,,,,,,,,,,,,,,,,,,,,,,,,,,,,,,,,,,,,,,,,,,,,,,,,,,,,,,,,,,,,,,,,,,,,,,,,,,,,,,,,,,,,,,,,,,,,,,,,,,,,,,
Date generated: 04/12/2025,,,,,,,,,,,,,,,,,,,,,,,,,,,,,,,,,,,,,,,,,,,,,,,,,,,,,,,,,,,,,,,,,,,,,,,,,,,,,,,,,,,,,,,,,,,,,,,,,,,,,,,,,,,,,,,,,,,,,,,,,,,,,,,,,,,,,,,,,,,,,,,,,,,,,,,,,,,,,,,,,,,,,,,,,,,,,,,,,,,,,,,,,,,,,,,,,,,,,,,,,,,
Contact: info@singstat.gov.sg,,,,,,,,,,,,,,,,,,,,,,,,,,,,,,,,,,,,,,,,,,,,,,,,,,,,,,,,,,,,,,,,,,,,,,,,,,,,,,,,,,,,,,,,,,,,,,,,,,,,,,,,,,,,,,,,,,,,,,,,,,,,,,,,,,,,,,,,,,,,,,,,,,,,,,,,,,,,,,,,,,,,,,,,,,,,,,,,,,,,,,,,,,,,,,,,,,,,,,,,,,,